filename,NDVI_min,NDVI_max,NDVI_mean,NDWI_min,NDWI_max,NDWI_mean,NDBI_min,NDBI_max,NDBI_mean
L8_20230707_032305_Hanoi_Reflectance.tif,-17.2972464368995,7.772543323147139,0.5107137915498482,-6.783730496090369,14.875138690071802,-0.4809337750654895,-226.6018128145265,201.66532223135658,-0.2374536893168777
