Month,Mean_LST
01,23.378679591302095
02,23.42949056691237
03,26.25438122404046
04,31.371720359699697
05,29.429372067845573
06,29.99018455560955
07,28.79854942871339
08,31.80774380638697
09,28.806477888481066
10,27.80013142014218
11,25.509445610353296
12,20.104966076306315
