Month,Mean_LST
01,21.99584108476356
02,23.61693913005237
03,29.62832826814661
04,
05,32.41953924393228
06,31.706257392950114
07,33.1128975635316
08,30.952895510422263
09,30.908668965861974
10,29.25947366120221
11,26.610358655315462
12,21.993500545732402
