Month,Mean_LST
01,24.856223027010742
02,24.204151556157
03,24.77073370776503
04,31.055911222120006
05,30.67960827384224
06,31.028734939759065
07,31.5623166116612
08,29.558157987487913
09,29.671535271520895
10,27.94206211975667
11,24.027980786064454
12,19.494173292693734
