,GrossApproval,SBAGuaranteedApproval,InitialInterestRate,TermInMonths,CongressionalDistrict,JobsSupported
GrossApproval,1.0,0.9283579041901049,-0.3188205830531949,0.4029222605661372,0.0037241897293441616,0.2957058749724444
SBAGuaranteedApproval,0.9283579041901049,1.0,-0.30666541037728434,0.40103730841310636,0.020264557746491323,0.28360928914092254
InitialInterestRate,-0.3188205830531949,-0.30666541037728434,1.0,-0.22863104521730865,0.05634795758109762,-0.09725897249446092
TermInMonths,0.4029222605661372,0.40103730841310636,-0.22863104521730865,1.0,0.06966814754147047,0.08937436831739089
CongressionalDistrict,0.0037241897293441616,0.020264557746491323,0.05634795758109762,0.06966814754147047,1.0,-0.06541390387887171
JobsSupported,0.2957058749724444,0.28360928914092254,-0.09725897249446092,0.08937436831739089,-0.06541390387887171,1.0
