id,GrossApproval,SBAGuaranteedApproval,ApprovalFiscalYear,InitialInterestRate,TermInMonths,CongressionalDistrict,RevolverStatus,JobsSupported,LoanStatus
7552.0,7552.0,7552.0,7552.0,7552.0,7552.0,7552.0,7552.0,7552.0,7552.0
3776.5,721903.9327330509,453684.24841101695,2021.0914989406779,7.3795855402542365,119.85421080508475,12.681673728813559,0.11573093220338983,14.281912076271187,0.12764830508474576
2180.2189492495168,1112669.3912430294,780510.3246577297,1.1258848832043498,2.8849021731481233,82.42382057792464,12.307652631141565,0.3199231725691861,27.635213892899905,0.3337198858971318
1.0,5000.0,2500.0,2020.0,1.03,3.0,0.0,0.0,0.0,0.0
1888.75,51100.0,26535.25,2020.0,5.12,60.0,3.0,0.0,1.0,0.0
3776.5,189600.0,106335.0,2021.0,6.61,119.0,7.0,0.0,5.0,0.0
5664.25,811300.0,466927.25,2022.0,9.55,120.0,22.0,0.0,14.0,0.0
7552.0,4995000.0,4311817.0,2024.0,15.0,306.0,52.0,1.0,236.0,1.0
