,GrossApproval,SBAGuaranteedApproval,InitialInterestRate,TermInMonths,JobsSupported
GrossApproval,1.0,0.9283579041901049,-0.3188205830531949,0.4029222605661372,0.2957058749724444
SBAGuaranteedApproval,0.9283579041901049,1.0,-0.30666541037728434,0.40103730841310636,0.28360928914092254
InitialInterestRate,-0.3188205830531949,-0.30666541037728434,1.0,-0.22863104521730865,-0.09725897249446092
TermInMonths,0.4029222605661372,0.40103730841310636,-0.22863104521730865,1.0,0.08937436831739089
JobsSupported,0.2957058749724444,0.28360928914092254,-0.09725897249446092,0.08937436831739089,1.0
